time_myr,dt_myr,eroded_bedrock_volume_km3,reworked_sediment_volume_km3,transported_to_deep_reservoir_km3,rift_recycled_volume_km3,surface_sediment_volume_km3,deep_recycled_sediment_volume_km3,cumulative_rift_recycled_volume_km3,mean_sediment_thickness_m,max_sediment_thickness_m,area_fraction_over_1km,step_surface_mass_error_km3,global_continental_ledger_error_km3
4.0,4.0,3663096.117261291,0.0,0.0,0.0,3663096.1172612915,0.0,0.0,10.428451593545859,438.62143652511776,0.0,4.656612873077393e-10,0.0
8.0,4.0,3024756.8234680737,71018.7367022529,140717.21716335503,0.0,6547135.723566011,140717.21716335503,0.0,18.63901076683453,760.2112002885686,0.0,0.0,-4.76837158203125e-07
12.0,4.0,2930652.440458349,134447.2156260584,160809.21719324618,0.0,9316978.946831115,301526.4343566012,0.0,26.524464779198013,1142.1002495417638,0.0013332112237399694,0.0,-4.76837158203125e-07
16.0,4.0,2539701.8561174814,196200.72169126896,297272.0927877949,192352.1772114423,11559408.710160801,598798.5271443961,192352.1772114423,32.90842782308722,1443.1117420798937,0.0032979207024502384,0.0,4.76837158203125e-07
20.0,4.0,2481674.50882582,255626.99658454757,243931.98402346583,5577.855686011459,13797151.234963154,842730.511167862,197930.03289745376,39.27904678903664,1806.9521519861578,0.0044664496177794916,0.0,4.76837158203125e-07
24.0,4.0,2690664.012119933,285090.6871418466,411289.09936508286,416811.8927319302,16076526.147718005,1254019.6105329448,614741.9256293839,45.76818880996146,2190.262939357242,0.006839412000063338,0.0,4.76837158203125e-07
28.0,4.0,2395290.145477374,346845.5592657811,715391.6786266898,387825.066265358,17756424.614568688,1969411.2891596346,1002566.9918947419,50.55068407703135,2440.845940848421,0.007967115357622309,0.0,0.0
32.0,4.0,2288470.1628109715,380095.1187125077,632410.6944066887,555770.616541178,19412484.082972974,2601821.9835663233,1558337.60843592,55.26531220838363,2766.0803055891092,0.009696452302925367,3.725290298461914e-09,-4.76837158203125e-07
36.0,4.0,2266590.2020118823,451515.63582165004,550599.3443096246,556985.3615165877,21128474.94067523,3152421.327875948,2115322.969952508,60.15055873800363,2964.1588472726144,0.011995331412527755,-3.725290298461914e-09,0.0
40.0,4.0,2204637.3441497884,473401.45622932183,1093646.5861895075,460277.0938767665,22239465.69863551,4246067.914065456,2575600.0638292744,63.313433248904474,3509.8932902464844,0.014028615109944437,3.725290298461914e-09,-4.76837158203125e-07
44.0,4.0,2090975.4325328697,501209.3797711954,565309.9249304549,399999.83849375485,23765131.206237927,4811377.838995911,2975599.902323029,67.65684340923346,3591.1276474684346,0.01671438894433336,0.0,4.76837158203125e-07
48.0,4.0,2157195.0538739003,627945.9262726307,1543431.7919933207,725197.3532584594,24378894.468118504,6354809.630989232,3700797.2555814884,69.40416323419177,3688.0058872816444,0.01548215216385207,-3.725290298461914e-09,4.76837158203125e-07
52.0,4.0,2269106.2845377037,619535.5732220861,746312.6494755017,1132111.9930134136,25901688.103180707,7101122.280464734,4832909.248594902,73.73939747371232,3803.213197344566,0.016788711145628243,0.0,4.76837158203125e-07
56.0,4.0,2277508.8411001903,637585.5949284716,932159.6498581392,941610.986908601,27247037.29442276,8033281.930322873,5774520.235503503,77.56946593715554,3850.627935053593,0.01828726574346403,3.725290298461914e-09,4.76837158203125e-07
60.0,4.0,2374680.852401318,746586.9880145018,1065616.50206012,1262083.3922095567,28556101.64476396,9098898.432382993,7036603.62771306,81.29623525288298,3846.735698209176,0.020705809887432328,0.0,0.0
64.0,4.0,2308744.5340705966,847137.7093129503,832944.6021026899,1602241.0399197624,30031901.57673186,9931843.034485683,8638844.667632822,85.49768333385558,3934.965442820144,0.022513160097955377,-7.450580596923828e-09,0.0
68.0,4.0,2101697.214289077,829480.7495282369,557497.0998557779,844673.3649200269,31576101.691165164,10489340.134341462,9483518.03255285,89.89385958165644,4022.2832965538523,0.025532172793463443,3.725290298461914e-09,9.5367431640625e-07
72.0,4.0,2262660.842828236,954286.0794545033,923694.2613456002,1534898.7664257877,32915068.2726478,11413034.395687062,11018416.798978638,93.70575742254817,4044.784234146942,0.02599786136942749,0.0,0.0
76.0,4.0,1925315.7881991165,847718.4203421932,714698.6647963837,449000.33797820593,34125685.39605053,12127733.060483446,11467417.136956844,97.15225777787111,4154.269527569631,0.027926807249688355,-7.450580596923828e-09,9.5367431640625e-07
80.0,4.0,2099340.863192442,918245.1400917985,777741.7313984812,653408.2099433384,35447284.527844496,12905474.791881928,12120825.346900184,100.9147123056245,4285.134454424913,0.02899731559893019,7.450580596923828e-09,4.76837158203125e-07
84.0,4.0,1887791.3486162177,936508.5072891418,761366.0437301267,1582608.8002625504,36573709.832730584,13666840.835612055,13703434.147162734,104.12152735762272,4323.633766308772,0.028778813177017987,-7.450580596923828e-09,4.76837158203125e-07
88.0,4.0,2097323.067883278,1083695.4171120718,971203.1802331147,682377.9175129137,37699829.72038075,14638044.01584517,14385812.064675648,107.32747291868793,4324.17076413586,0.0292187851268217,7.450580596923828e-09,0.0
92.0,4.0,2073662.5231804498,1169310.964598985,507215.776169988,1655984.1255939275,39266276.46739121,15145259.792015158,16041796.190269575,111.7869830030914,4717.3221742757905,0.030244000971287825,-7.450580596923828e-09,9.5367431640625e-07
96.0,4.0,2325145.9356258283,1152230.6761857746,839050.3185998083,725851.951966689,40752372.08441723,15984310.110614967,16767648.142236263,116.01774182279809,4962.076015505211,0.031415631418328135,0.0,4.76837158203125e-07
100.0,4.0,2197202.3888628045,1196547.5111045288,885605.7369607363,1639572.9144180883,42063968.7363193,16869915.8475757,18407221.05665435,119.75172033626494,5152.426287169446,0.032202220788350534,7.450580596923828e-09,4.76837158203125e-07
104.0,4.0,2509531.8160068165,1211192.6557993595,1144536.805030814,1259793.0092663006,43428963.747295305,18014452.652606517,19667014.06592065,123.63771839411484,5409.259212508893,0.03335077770688378,0.0,0.0
108.0,4.0,2391221.782048459,1289877.9026767719,881474.5650754961,890315.838276458,44938710.96426827,18895927.21768201,20557329.904197108,127.93581084560758,5617.29667180082,0.03531924668220186,0.0,9.5367431640625e-07
112.0,4.0,2617780.6078954544,1374332.96717251,1504610.6026498284,1056122.7100607262,46051880.96951389,20400537.82033184,21613452.614257835,131.10488944564452,5851.139255236391,0.03449689579751084,0.0,0.0
116.0,4.0,2151480.2687705606,1365936.2582882764,1490120.3102203452,958083.9675142403,46713240.92806411,21890658.130552188,22571536.581772074,132.98771208880436,5990.5114581279595,0.03493094463604096,0.0,4.76837158203125e-07
120.0,4.0,2469173.584395651,1302487.5086660935,974561.078809438,1273307.8947514098,48207853.43365032,22865219.209361624,23844844.476523485,137.24271759962545,6143.7468985941405,0.036262533521064844,7.450580596923828e-09,4.76837158203125e-07
124.0,4.0,2685914.8257080065,1251607.749150979,1136697.5268680027,1845715.1685887633,49757070.73249033,24001916.73622963,25690559.64511225,141.653177246782,6259.322520262969,0.03825603066367352,0.0,4.76837158203125e-07
128.0,4.0,2507317.56187038,1308307.4826057584,1701729.2945214328,1039639.0221170883,50562658.99983927,25703646.03075106,26730198.66722934,143.94660280304564,6418.184306553965,0.038349266170553425,-7.450580596923828e-09,0.0
132.0,4.0,2461676.7354286974,1227686.6567143972,963807.4033878155,684715.5998062618,52060528.33188015,26667453.434138875,27414914.2670356,148.21088015821474,6621.318138309775,0.04017582718739063,0.0,4.76837158203125e-07
136.0,4.0,2672556.5248984164,1318272.9399227668,941147.452246717,1980974.8113210844,53791937.40453185,27608600.886385594,29395889.078356683,153.14002073350323,6773.370948638906,0.04118680959696651,0.0,4.76837158203125e-07
140.0,4.0,2361008.518233426,1401540.0304276338,1620837.459464132,980809.8612031201,54532108.46330115,29229438.345849726,30376698.939559802,155.24721033765974,6967.815532855887,0.04160073730321839,7.450580596923828e-09,4.76837158203125e-07
144.0,4.0,2971777.986823217,1452072.8221042575,538820.2704767891,1058280.8334685874,56965066.17964758,29768258.616326515,31434979.77302839,162.17358654015803,7104.549667585434,0.0426338189524378,0.0,4.76837158203125e-07
148.0,4.0,2859567.0398655524,1546065.840174061,1588014.301207455,1846085.5423630192,58236618.91830567,31356272.91753397,33281065.315391406,165.7935642200369,6874.603129826204,0.04516160717669994,-7.450580596923828e-09,4.76837158203125e-07
152.0,4.0,2573689.5493974043,1563214.701027494,1037591.7389755598,1324258.3834043834,59772716.72872752,32393864.65650953,34605323.69879579,170.16667405558024,6938.797045243464,0.04707475602593028,7.450580596923828e-09,9.5367431640625e-07
156.0,4.0,2874145.866418138,1569562.2725496748,1377276.7797810924,665343.9979766796,61269585.81536456,33771141.43629062,35270667.69677247,174.4281038166809,6897.9715474289105,0.04897273847007338,0.0,4.76837158203125e-07
160.0,4.0,2890675.4395622346,1723530.7423064648,1366578.9702983354,1601976.1108011375,62793682.284628466,35137720.40658896,36872643.80757361,178.7670470889355,6941.004099675298,0.05077736017873835,7.450580596923828e-09,4.76837158203125e-07
164.0,4.0,3534964.5830681156,1745884.564140956,2136930.6681335843,1966371.2750560148,64191716.199563,37274651.07472254,38839015.08262962,182.74710345145607,6936.841714480655,0.05126677645690946,0.0,0.0
168.0,4.0,2831613.3646317148,1794105.571385418,1235641.0745608325,370599.06790366926,65787688.48963388,38510292.14928338,39209614.15053329,187.29066966944768,6954.667509066176,0.05252074793518844,7.450580596923828e-09,4.76837158203125e-07
172.0,4.0,2645718.583703807,1770890.5684375572,1938418.568589501,1084641.6876693524,66494988.50474819,40448710.71787288,40294255.83820264,189.30427884966446,7234.592638277951,0.05284212455865782,0.0,0.0
176.0,4.0,2882081.9817328434,1897908.2921364978,959388.7937596061,1680549.604045968,68417681.69272143,41408099.51163249,41974805.442248605,194.77798529857148,7400.837966422963,0.05218484066629914,0.0,4.76837158203125e-07
180.0,4.0,3295485.753778964,1807863.266162535,2287945.751518077,1624057.1254027095,69425221.69498232,43696045.263150565,43598862.56765132,197.64634632590764,7639.442911518177,0.053382940323564804,1.4901161193847656e-08,0.0
184.0,4.0,2597727.8180082515,1719204.001085145,1418772.501231838,1663382.513659012,70604177.01175871,45114817.76438241,45262245.08131033,201.00270882866076,7940.43695131569,0.05368710650255866,-2.9802322387695312e-08,9.5367431640625e-07
188.0,4.0,2729991.8387790723,1838877.291337572,1330512.3380760425,1523735.7440305217,72003656.51246175,46445330.10245845,46785980.82534085,204.98688062269844,8382.701347769378,0.05458855475383832,0.0,0.0
192.0,4.0,2730266.368259143,1886914.2113038995,2060751.6653102012,939273.5268301221,72673171.2154107,48506081.76776865,47725254.352170974,206.89291897041463,8206.367393427117,0.05473542150019697,0.0,4.76837158203125e-07
196.0,4.0,2817126.646447253,1749641.2766053705,1491555.8805934247,1068503.1574860956,73998741.98126453,49997637.64836208,48793757.50965707,210.6666803250201,8279.414079501359,0.05488502632722993,0.0,4.76837158203125e-07
200.0,4.0,2995402.6540193856,1712173.2819113347,753397.239254687,478884.44426295353,76240747.39602922,50751034.88761677,49272641.95392002,217.04943529291918,8361.843987840124,0.056876390114572885,-1.4901161193847656e-08,9.5367431640625e-07
204.0,4.0,2222850.5106059797,1918690.05019017,1852657.2971357922,1534208.9624769809,76610940.60949942,52603692.18475256,50806850.916397005,218.10333666032838,8721.815875331422,0.0582847712948357,1.4901161193847656e-08,4.76837158203125e-07
208.0,4.0,2415125.5086829104,1876493.866150417,1111876.0543140336,709846.1933285765,77914190.06386828,53715568.23906659,51516697.10972558,221.81355157529003,9068.455731785369,0.059507947812396565,-1.4901161193847656e-08,0.0
212.0,4.0,2411918.8073047088,2004266.5738787404,1805317.7492571352,1599468.9050433645,78520791.12191586,55520885.988323726,53116166.01476894,223.540481354892,9231.96974539512,0.060091648503700926,0.0,0.0
216.0,4.0,2260224.769523181,2107913.4234616035,790663.0043234429,801711.0131643467,79990352.8871156,56311548.99264717,53917877.02793329,227.72417002740468,9515.755724993704,0.0630230300006675,0.0,1.430511474609375e-06
220.0,4.0,2259076.8474365408,1929268.2592663586,1092591.1267286325,456949.56876826106,81156838.6078235,57404140.1193758,54374826.596701555,231.0450328941044,9607.836978147185,0.0628930397935765,0.0,1.430511474609375e-06
224.0,4.0,2389811.9338314254,1717294.2959332056,906136.4075760163,194526.33122231148,82640514.13407892,58310276.52695182,54569352.927923866,235.26890196845756,9709.864521066582,0.06337981563199169,0.0,4.76837158203125e-07
228.0,4.0,2370821.5243890802,1967858.759336189,1178677.2061293824,714031.1308387935,83832658.4523386,59488953.7330812,55283384.05876266,238.66281217925132,9785.23102869177,0.06575666027399532,0.0,4.76837158203125e-07
232.0,4.0,2038886.0823321503,1813740.1458543472,1046284.021958298,1113139.0556145275,84825260.51271246,60535237.7550395,56396523.11437719,241.4886464481052,10026.28905590411,0.06693831702117213,0.0,4.76837158203125e-07
236.0,4.0,2173867.5761880632,1655161.2339398314,451579.92330315796,128705.77704688745,86547548.16559738,60986817.678342655,56525228.89142408,246.39181929515033,10089.73979362809,0.06937741808330929,1.4901161193847656e-08,0.0
240.0,4.0,2643665.013804353,1630119.0141825262,803959.0288833204,548967.9109684245,88387254.15051842,61790776.70722598,57074196.802392505,251.6292698549924,10159.257381767271,0.07039505997528739,1.4901161193847656e-08,9.5367431640625e-07
244.0,4.0,1829346.5344366038,1857717.4593754944,1585869.885238571,544446.9683700644,88630730.79971644,63376646.59246455,57618643.77076257,252.32242241475072,10223.967482263131,0.07022615596185519,0.0,4.76837158203125e-07
248.0,4.0,1930739.1282637578,1610270.1827873234,520090.6655724853,329755.64200696326,90041379.2624077,63896737.25803704,57948399.41276953,256.33839107562346,10199.478650273202,0.07024391748868516,-1.4901161193847656e-08,4.76837158203125e-07
252.0,4.0,1909403.2145370254,1745101.7151697055,1309130.8544508917,506319.36416687805,90641651.62249383,65205868.11248793,58454718.77693641,258.04730371392515,10188.934019407789,0.06938871218603926,0.0,9.5367431640625e-07
256.0,4.0,2135962.5572343697,1751690.5755730753,374687.4039331178,69359.99481930143,92402926.7757951,65580555.51642104,58524078.77175571,263.06146989770787,10180.557597737296,0.07095103025218967,1.4901161193847656e-08,4.76837158203125e-07
260.0,4.0,1612851.181825339,1792631.5010649562,1575547.2463428094,600955.9554079878,92440230.71127763,67156102.76276386,59125034.727163695,263.1676703011302,11697.395189287456,0.0693428227823332,0.0,4.76837158203125e-07
264.0,4.0,1472081.4907016098,1685951.0300849085,850059.6275895877,275963.9262076237,93062252.57438967,68006162.39035344,59400998.65337132,264.9385015001873,11526.267136330333,0.07004743588925953,0.0,4.76837158203125e-07
268.0,4.0,1682236.6403787236,1643770.6329116207,1162696.781268887,244449.2191841632,93581792.43349949,69168859.17162232,59645447.87255548,266.4175771504586,11468.936549826283,0.07160374646779105,-2.9802322387695312e-08,4.76837158203125e-07
272.0,4.0,1710362.971623514,1597732.9949125652,1331755.2394631929,656664.5187671345,93960400.16565982,70500614.41108552,60302112.39132261,267.49543377266707,11066.401267124369,0.07158767070700413,1.4901161193847656e-08,0.0
276.0,4.0,2109115.517736637,1432532.3059560915,1014874.3493263049,274632.33610396675,95054641.33407015,71515488.76041181,60576744.72742658,270.61062395363444,10758.419570940658,0.07157379960148348,-1.4901161193847656e-08,9.5367431640625e-07
280.0,4.0,1833109.9761492074,1322650.4048209214,1325688.784897427,222078.0125502761,95562062.52532192,72841177.54530925,60798822.73997686,272.05519902377074,10574.878122037555,0.07167753616937637,0.0,9.5367431640625e-07
284.0,4.0,1359237.4779665621,1589599.2784775328,1348279.795800258,922461.3310473555,95573020.20748824,74189457.3411095,61721284.07102422,272.08639439904636,10740.52933289496,0.07187866885855451,1.4901161193847656e-08,4.76837158203125e-07
288.0,4.0,1301405.7499052621,1453929.1115455348,508518.00882990425,193914.9666545369,96365907.94856358,74697975.3499394,61915199.037678756,274.34366288511114,10765.959153439653,0.07205039716848731,-1.4901161193847656e-08,9.5367431640625e-07
292.0,4.0,1388513.0455237362,1552739.1782587478,1263222.8018543501,304452.9008512408,96491198.19223297,75961198.15179376,62219651.93853,274.70035110715725,10644.90750553013,0.07222415595766472,1.4901161193847656e-08,4.76837158203125e-07
296.0,4.0,1735912.903698065,1413717.5380683655,772918.3114896076,265406.71571207285,97454192.78444143,76734116.46328337,62485058.65424207,277.4418960102161,10602.01658801507,0.0733221883048467,0.0,4.76837158203125e-07
300.0,4.0,1702644.217560715,1396137.7978705547,405320.283233315,149796.18023481764,98751516.71876882,77139436.74651669,62634854.83447689,281.13524158925503,10685.513252409412,0.07495356075964163,0.0,4.76837158203125e-07
304.0,4.0,1317882.4313496747,1418496.1551087098,1423985.9898172885,354898.2433810418,98645413.16030121,78563422.73633398,62989753.07785793,280.83317585361453,10827.496051877633,0.07481337676143053,0.0,4.76837158203125e-07
308.0,4.0,1339727.1260101271,1213854.922811996,554239.7904496824,319834.580641279,99430900.49586166,79117662.52678366,63309587.6584992,283.0693761590435,10706.5794440195,0.07712040785556165,1.4901161193847656e-08,4.76837158203125e-07
312.0,4.0,1497598.3587954189,1189182.0411032413,286034.52877048985,314491.04069281643,100642464.32588659,79403697.05555415,63624078.69919202,286.51857168912215,10875.798771833284,0.07735898791202085,0.0,4.76837158203125e-07
316.0,4.0,1557547.1237409688,1210382.1129885437,889086.5575727883,444710.48424660024,101310924.89205478,80292783.61312693,64068789.183438614,288.4216090196552,10767.674437431706,0.07908212737914709,0.0,4.76837158203125e-07
320.0,4.0,1465355.9373923708,1687315.253891708,699055.4006556283,730098.7752708809,102077225.42879151,80991839.01378256,64798887.95870949,290.6031865152089,10807.358934015003,0.08035464661366525,-1.4901161193847656e-08,4.76837158203125e-07
324.0,4.0,1489069.8748493942,1604822.6469425156,1290322.4834675328,360931.9989292895,102275972.82017337,82282161.4972501,65159819.957638785,291.1689995553316,10838.449560435829,0.08046673805639283,0.0,4.76837158203125e-07
328.0,4.0,1791595.2133255869,1536724.8273654915,214859.0614774533,261920.62526626253,103852708.97202149,82497020.55872755,65421740.58290505,295.65780249933835,10748.090205768576,0.08114814432148816,-1.4901161193847656e-08,0.0
332.0,4.0,1672523.7041524271,1506683.5001147995,1122899.64886836,325831.6919928263,104402333.02730557,83619920.20759591,65747572.27489787,297.2225247101941,10815.938534223102,0.08177278645622811,2.9802322387695312e-08,0.0
336.0,4.0,1379539.4011924616,1691644.244541423,1463063.5205246827,1003486.5231779021,104318808.90797335,85082983.7281206,66751058.79807577,296.9847402766257,11031.790756190341,0.08234685604603452,0.0,4.76837158203125e-07
340.0,4.0,1520775.88310801,1395148.4166528601,327429.31845101557,76853.67714163498,105512155.47263035,85410413.04657161,66827912.47521741,300.38207315719285,11021.620815535567,0.08316973014009893,1.4901161193847656e-08,0.0
344.0,4.0,1216829.8063368534,1417392.6186064286,964059.1339637579,613257.376785217,105764926.14500345,86374472.18053538,67441169.85200262,301.1016848290486,10998.223529882873,0.08420046959513501,1.4901161193847656e-08,4.76837158203125e-07
348.0,4.0,1462016.469851023,1563730.9885652713,662541.2784391418,290277.4260883289,106564401.33641534,87037013.45897451,67731447.27809095,303.37770709736765,10231.034196441562,0.0857785771818739,1.4901161193847656e-08,4.76837158203125e-07
352.0,4.0,1337597.0607581034,1732960.8089107312,878736.2581671178,862241.3941024924,107023262.13900632,87915749.71714163,68593688.67219345,304.68403581897746,10184.726102760613,0.08662252414951113,0.0,4.76837158203125e-07
356.0,4.0,1280452.4701146025,1649473.9751413031,2101604.6476321393,366319.6823597509,106202109.96148878,90017354.36477377,68960008.35455321,302.3463014379919,10223.685817399744,0.08693868917605262,0.0,4.76837158203125e-07
360.0,4.0,1503552.5383088663,1776554.598160179,1196973.510168296,563547.0176717757,106508688.98962934,91214327.87494206,69523555.37222499,303.2190998719436,10246.857315089137,0.08769474841604279,-1.4901161193847656e-08,1.430511474609375e-06
364.0,4.0,1727297.2439226517,1564063.3119215935,161436.82593552893,116476.50368482216,108074549.40761647,91375764.70087759,69640031.8759098,307.6769407389305,10302.18115387657,0.0890323673374916,0.0,0.0
368.0,4.0,1617724.1914211684,1603077.089106163,1268114.055377082,1110709.8785786738,108424159.54366055,92643878.75625467,70750741.75448848,308.67224423729306,10300.528527117132,0.08847633714210697,0.0,4.76837158203125e-07
372.0,4.0,1636128.5098466561,1456565.0336298046,442950.12385932414,398267.074422222,109617337.9296479,93086828.880114,71149008.82891071,312.06909833077424,10237.544999122805,0.08922794105404873,1.4901161193847656e-08,4.76837158203125e-07
376.0,4.0,1655502.8238988724,1219051.954481989,707124.6331166301,494584.6190174422,110565716.12043014,93793953.51323064,71643593.44792815,314.7690318674191,10204.456882549806,0.0896639649298702,1.4901161193847656e-08,4.76837158203125e-07
380.0,4.0,1528328.105839671,1568913.9879614967,1969574.1244026637,880582.2963301565,110124470.10186714,95763527.6376333,72524175.7442583,313.51285059394775,10178.69499025491,0.08847219827036708,-1.4901161193847656e-08,0.0
384.0,4.0,1604095.2856161029,1949562.047539435,1949007.3095458553,1442255.726130778,109779558.0779374,97712534.94717915,73966431.47038908,312.53092212949014,10148.954864741425,0.0881575518523233,1.4901161193847656e-08,0.0
388.0,4.0,1541121.5907188132,1785069.0328241019,260332.92042292558,532356.5898253573,111060346.74823327,97972867.86760208,74498788.06021444,316.1771935409344,10155.292559981353,0.09096670793482503,-1.4901161193847656e-08,4.76837158203125e-07
392.0,4.0,1533808.5255667802,1842749.6960904177,1861318.4711757512,938694.250151188,110732836.80262429,99834186.33877783,75437482.31036563,315.2448069737096,10157.701034320095,0.09065820194482363,-2.9802322387695312e-08,4.76837158203125e-07
396.0,4.0,1622632.801271826,1856826.5688664997,1119952.778264243,60102.84600573298,111235516.82563187,100954139.11704206,75497585.15637137,316.67588443364156,10155.22350545054,0.09021036226220894,0.0,0.0
400.0,4.0,1511999.606246856,1805338.1253770373,978513.5348539137,445673.831350553,111769002.89702483,101932652.65189599,75943258.98772192,318.1946634919186,10167.250726027061,0.09032573036201615,1.4901161193847656e-08,4.76837158203125e-07
404.0,4.0,1668877.9670412298,1588261.02257259,814018.78691811,454679.971991151,112623862.07714795,102746671.43881409,76397938.95971307,320.6283581845595,10352.860445110464,0.09131560045784434,0.0,4.76837158203125e-07
408.0,4.0,1460765.6682908782,1755068.2511933178,1020708.86052417,958789.6268858662,113063918.88491467,103767380.29933825,77356728.58659893,321.8811538992503,10456.636612010585,0.09287802478572531,0.0,9.5367431640625e-07
412.0,4.0,1386306.8103241534,1860925.1657092315,545327.6597218576,403328.44854058005,113904898.03551696,104312707.9590601,77760057.03513952,324.2753335992889,10477.914824927304,0.09410272630259295,0.0,0.0
416.0,4.0,1385753.4540830501,1736191.091161238,909911.6261225828,297277.044439063,114380739.86347741,105222619.58518268,78057334.07957858,325.63000552440894,10398.154870049668,0.09490943591056278,-2.9802322387695312e-08,9.5367431640625e-07
420.0,4.0,1307260.3529095743,1870253.1648218373,619723.7431402991,513349.7496977062,115068276.4732467,105842343.32832298,78570683.82927628,327.58735035628035,10354.06065199053,0.0942878101254589,0.0,1.430511474609375e-06
424.0,4.0,1306132.7339115446,2048126.6652914567,1086547.483298417,417063.36372324725,115287861.72385983,106928890.8116214,78987747.19299953,328.2124866026062,10383.472241396854,0.09433002467931419,1.4901161193847656e-08,1.430511474609375e-06
428.0,4.0,1048674.9384266832,1924626.7328222757,721288.083541498,738778.2773599793,115615248.57874501,107650178.8951629,79726525.4703595,329.1445227434121,10376.546978405147,0.0930902949219289,-1.4901161193847656e-08,9.5367431640625e-07
432.0,4.0,1112476.932805458,1740844.0668160124,674346.7849780571,433916.7201655705,116053378.72657241,108324525.68014096,80160442.19052507,330.39183345872783,10595.924856685642,0.0928088472297937,0.0,9.5367431640625e-07
436.0,4.0,1319923.250484575,1844251.559503258,413217.65973960643,230606.9115375231,116960084.31731738,108737743.33988057,80391049.1020626,332.9731294607969,10621.633080183521,0.09336067141697191,1.4901161193847656e-08,0.0
440.0,4.0,1108708.1296155872,1888555.0330250799,855836.7364298239,494131.2542231538,117212955.71050313,109593580.0763104,80885180.35628575,333.6930278742739,10550.323868521267,0.09306887036566747,-1.4901161193847656e-08,9.5367431640625e-07
444.0,4.0,1339882.8720906205,1600120.3899589526,77138.77804239644,56903.086466125635,118475699.8045514,109670718.85435279,80942083.44275187,337.28792826407397,10606.261143254322,0.09395030021850312,2.9802322387695312e-08,4.76837158203125e-07
448.0,4.0,1132180.0169336523,1837287.196742811,1354793.1593988468,810367.6578294479,118253086.66208616,111025512.01375164,81752451.10058132,336.6541719262739,10877.146851009757,0.09460148622248726,-2.9802322387695312e-08,1.430511474609375e-06
452.0,4.0,1106359.185535101,1702774.095545995,69827.28112243713,54759.83795985523,119289618.56649885,111095339.29487407,81807210.93854117,339.60506986733446,10892.105473236594,0.09603154047697283,1.4901161193847656e-08,4.76837158203125e-07
456.0,4.0,1115442.6544406116,1805400.2818889737,708644.2142179762,836728.6679551802,119696417.00672147,111803983.50909205,82643939.60649635,340.76318248747594,10652.82283802551,0.09504186252586927,-1.4901161193847656e-08,9.5367431640625e-07
460.0,4.0,1060549.7056214898,1687356.2064016364,504132.9286425075,283557.61195934715,120252833.78370047,112308116.43773456,82927497.2184557,342.3472428666779,10623.65070611063,0.09548870847707659,1.4901161193847656e-08,4.76837158203125e-07
464.0,4.0,829273.4840279202,1628770.7159657772,2020182.0954585455,1018403.9135859881,119061925.17226982,114328298.53319311,83945901.1320417,338.9568505840079,10583.534650268994,0.09343126013523477,-1.4901161193847656e-08,9.5367431640625e-07
468.0,4.0,685664.4876367945,1779889.8745931576,1386510.0569613073,629459.612499173,118361079.60294533,115714808.59015442,84575360.74454087,336.9616165360091,10664.111561123182,0.09054889882922705,2.9802322387695312e-08,4.76837158203125e-07
472.0,4.0,776048.1315942119,1504060.026171363,51101.400760051285,43918.83953218869,119086026.33377948,115765909.99091448,84619279.58407305,339.02546407055206,10721.401414188294,0.09038991312557791,0.0,4.76837158203125e-07
476.0,4.0,728114.9181917239,1420014.8798703393,196564.15551537598,117150.59747957013,119617577.09645583,115962474.14642985,84736430.18155262,340.5387335072893,10884.098775550465,0.09138125501564365,-1.4901161193847656e-08,0.0
480.0,4.0,872173.31899025,1788344.4657018878,1084251.7297818144,550172.0956387883,119405498.68566427,117046725.87621167,85286602.2771914,339.9349684489405,10752.427746054735,0.09071411610529886,1.4901161193847656e-08,4.76837158203125e-07
484.0,4.0,702534.7330557158,1494429.341576554,724247.9408365993,265421.24042169645,119383785.47788337,117770973.81704827,85552023.5176131,339.8731532169523,10755.195303699324,0.08932682623499981,-1.4901161193847656e-08,9.5367431640625e-07
488.0,4.0,752898.1825440542,1350899.50649934,69132.42938838001,70868.76077266889,120067551.23103905,117840106.24643664,85622892.27838577,341.8197628143656,10734.323414042543,0.08973275091619994,0.0,4.76837158203125e-07
492.0,4.0,929999.2587712957,1520288.293866999,1629211.7619089652,136128.18282737135,119368338.72790138,119469318.0083456,85759020.46121314,339.82917793503003,10930.028730624897,0.08908137521901124,0.0,9.5367431640625e-07
496.0,4.0,801768.4385592851,1860071.8663484713,1606671.5619830496,604301.7135048195,118563435.60447761,121075989.57032865,86363322.17471796,337.53770291187544,10931.161909366027,0.08809432204893018,0.0,4.76837158203125e-07
500.0,4.0,817027.0276041778,1618355.6548630872,735842.9671280188,119243.35265048954,118644619.6649538,121811832.53745668,86482565.52736846,337.76882544258217,11060.256180639448,0.08840329436689875,2.9802322387695312e-08,9.5367431640625e-07
