seed,mode,weakening_enabled,mechanical_forcing_enabled,final_plate_count,topology_event_count,final_max_rift_extension,final_mean_rift_extension,final_rifted_cell_fraction_ge_0p5,cumulative_breakup_area_km2,cumulative_continental_thinning_volume_km3,final_continental_area_fraction,final_mean_continental_root_km,final_mean_craton_strength,final_cratonic_continent_fraction,maximum_plume_extension_forcing_over_run,cumulative_mean_plume_extension_impulse_myr,cumulative_max_plume_extension_impulse_myr,maximum_local_cumulative_root_erosion_km,numerical_clip_cells,global_continental_ledger_error_km3
20260806,control,False,False,16,12,0.17558971654596955,0.002706824133198278,0.0,0.0,64353000.077085726,0.28334789565416063,138.88297592702756,0.6443977046023948,0.5798388062251932,0.0,0.0,0.0,0.0,0,9.5367431640625e-07
20260806,weakening_only,True,False,15,11,0.10473080730474488,0.003072493968099319,0.0,0.0,65219822.81665328,0.28698219938809344,140.9229417277377,0.6223876429316246,0.6935094940671976,0.0,0.0,0.0,46.97219691314872,0,-4.76837158203125e-07
20260806,forcing_only,False,True,13,9,0.8999863907382708,0.021898144334456228,0.00078125,0.0,154762813.9203505,0.28574721781165097,142.55534866267888,0.58771395069871,0.4164166279418672,1.0,9.953953635800609,188.57689493464565,0.0,0,4.76837158203125e-07
20260806,combined,True,True,16,12,1.1809472526754536,0.02745428577799493,0.01015625,781354.9484155782,195567046.29746568,0.2858331172829668,141.83180339205495,0.5894367421048105,0.36365187839148905,1.0,9.841372065484435,188.19361925742052,46.972196913148835,0,0.0
20260807,control,False,False,11,13,0.14845835328501822,0.0035498197068625317,0.0,0.0,97908387.24249567,0.28469581305507446,135.74131314647687,0.6084509770288191,0.6434687490784193,0.0,0.0,0.0,0.0,0,4.76837158203125e-07
20260807,weakening_only,True,False,7,9,0.1392164105451576,0.000693092804732664,0.0,0.0,54034497.300595075,0.2866698407748673,155.75116400552264,0.6489644542683962,0.763719544768928,0.0,0.0,0.0,21.34795309317687,0,4.76837158203125e-07
20260807,forcing_only,False,True,14,14,0.6002614955381244,0.01730335410338741,0.00078125,0.0,85392208.86782049,0.2862898207395165,136.75833978134625,0.586736765990296,0.3872011148073651,1.0,5.939963137913924,166.12906140382552,0.0,0,4.76837158203125e-07
20260807,combined,True,True,10,10,0.6449168772329276,0.014656645320795077,0.0015625,0.0,89375872.91002996,0.28630564652949203,146.50417199665438,0.5956189935716028,0.47501480810473073,1.0,5.9361734223822,168.64964627943385,21.532872757219593,0,0.0
20260808,control,False,False,17,21,0.09364317189085065,0.004070451070225877,0.0,0.0,146939640.43437493,0.286944786402303,127.3790944357456,0.5951979306470923,0.4730719848315668,0.0,0.0,0.0,0.0,0,9.5367431640625e-07
20260808,weakening_only,True,False,11,17,0.20580853322851222,0.00367794872768461,0.0,0.0,141986320.91362324,0.29216986946775825,139.62716678237535,0.6209453070992066,0.555924508881501,0.0,0.0,0.0,36.72494598943091,0,4.76837158203125e-07
20260808,forcing_only,False,True,16,16,1.0852887026443636,0.037080781961583265,0.0046875,440441.04862572823,191681370.08874556,0.2890640608228096,127.489615841141,0.4943414886467405,0.13053886289086591,1.0,7.322373923809496,172.44752547336878,0.0,0,9.5367431640625e-07
20260808,combined,True,True,12,22,0.5306529695356585,0.029467985919652988,0.00078125,0.0,186446265.04940543,0.29379784960521677,136.29531981277495,0.5085148685800185,0.1918337653369353,1.0,7.282309853559066,170.64159772255118,36.24470737304234,0,9.5367431640625e-07
20260809,control,False,False,15,15,0.08709136118847442,0.0030557356093834547,0.0,0.0,76008298.21552154,0.2820856719269597,149.21997830357313,0.6408310692199728,0.6814974162092229,0.0,0.0,0.0,0.0,0,9.5367431640625e-07
20260809,weakening_only,True,False,13,13,0.2403985914887241,0.003006469327450989,0.0,0.0,76597369.66076608,0.2810051923095389,151.54478437737004,0.6335583090363635,0.6225701198040015,0.0,0.0,0.0,28.629181671975587,0,9.5367431640625e-07
20260809,forcing_only,False,True,15,11,0.6012711034813787,0.021785874676187988,0.00078125,313052.7468230874,120475082.70087412,0.2826162536502234,132.46474585212593,0.5688396913083968,0.31556197234892164,1.0,7.983840479370323,307.17137157969796,0.0,0,1.430511474609375e-06
20260809,combined,True,True,12,6,0.9997787442331971,0.02274595729045739,0.003125,258111.26690664928,112319335.61127828,0.2795779537557544,145.866365599103,0.5709152963125498,0.35244037758467167,1.0,8.006135803589643,307.41289235231585,37.26294333083757,0,1.430511474609375e-06
ensemble_mean,control,False,False,14.75,15.25,0.1261956507275782,0.0033457076299175355,0.0,0.0,96302331.49236947,0.28426854175962446,137.8058404532058,0.6222194203745697,0.5944692390861006,0.0,0.0,0.0,0.0,0.0,8.344650268554688e-07
ensemble_std,control,False,False,2.277608394786075,3.491060010942235,0.03716251808612502,0.0005145800932064934,0.0,0.0,31620104.508390177,0.001799816386832593,7.817001810301135,0.02096425948663642,0.07894016483878522,0.0,0.0,0.0,0.0,0.0,2.0647654623614278e-07
ensemble_mean,weakening_only,True,False,11.5,12.5,0.1725385856417847,0.0026125012069918956,0.0,0.0,84459502.67290942,0.2867067754850645,146.96151422325144,0.6314639283338976,0.6589309168804071,0.0,0.0,0.0,33.418569416933025,0.0,3.5762786865234375e-07
ensemble_std,weakening_only,True,False,2.958039891549808,2.958039891549808,0.053432508742678485,0.0011386517525370618,0.0,0.0,34157701.12755447,0.0039506540303587126,6.86515328976118,0.011221354507069615,0.07763498275244606,0.0,0.0,0.0,9.529834176839254,0.0,5.196212462831347e-07
ensemble_mean,forcing_only,False,True,14.5,12.5,0.7967019231005343,0.024517038768903723,0.0017578125,188373.44886220392,138077868.89444765,0.28592933825605016,134.81701253432303,0.5594079741610358,0.31242964449725497,1.0,7.800032794223588,208.5812133478845,0.0,0.0,8.344650268554688e-07
ensemble_std,forcing_only,False,True,1.118033988749895,2.692582403567252,0.20659867946129687,0.007486700789153166,0.0016914558667664816,193682.80425933903,39488478.01898201,0.002289439377504421,5.542438505722947,0.038310233607119354,0.11124087986145109,0.0,1.4457850272177464,57.50656627604942,0.0,0.0,3.95372484964776e-07
ensemble_mean,combined,True,True,12.5,12.5,0.8390739609193092,0.023581218577225095,0.00390625,259866.55383055686,145927129.96704483,0.2863786417933575,142.6244152001468,0.5661214751422454,0.3457352073544567,1.0,7.7664977862538365,208.72443890293033,35.50318009356209,0.0,5.960464477539062e-07
ensemble_std,combined,True,True,2.179449471770337,5.894913061275798,0.26245183180339016,0.005700884767124165,0.00370579413300982,318988.4317332635,45916908.969631866,0.0050397650649691835,4.069657144346355,0.03447900487272659,0.10095151736612004,0.0,1.4095260626461188,57.48307837036525,9.087827892809539,0.0,6.194296387084284e-07
