time_myr,dt_myr,mean_continental_lithosphere_age_myr,max_continental_lithosphere_age_myr,mean_mantle_depletion_fraction,max_mantle_depletion_fraction,mean_craton_strength,max_craton_strength,cratonic_area_fraction_of_surface,cratonic_fraction_of_continental_material,juvenile_continental_fraction_of_surface,new_continental_material_volume_km3,mean_extension_factor_continental
0.0,0.0,499.99999999999994,500.0,0.30689753706904843,0.30689753706904843,0.46645591589119734,0.46645591589119734,0.0,0.0,0.0,0.0,0.6828099771939856
4.0,4.0,503.2309149184752,504.0,0.30825950678605757,0.3087294740288533,0.46807704111470066,0.4691225646293382,0.0,0.0,0.00043035565266449607,0.0,0.6817076120420034
8.0,4.0,505.5152527357422,508.0,0.3090398877526978,0.3105532871130442,0.4686187759664946,0.4717757478972495,0.0,0.0,0.0013735725180165164,141773.4993545059,0.6813392323427839
12.0,4.0,508.64691372835574,512.0,0.31033472514545657,0.3123690123476178,0.47011781953179,0.47441553413992754,0.0,0.0,0.0018352231989989894,224865.52429115167,0.6803198827183827
16.0,4.0,511.24696485050373,516.0,0.31130236760278246,0.3141766855988107,0.4708803254139729,0.4770419914537123,0.0,0.0,0.0025729480256463685,359795.5300644394,0.6798013787184984
20.0,4.0,514.7321126390822,520.0,0.3128029713154772,0.3159763425738075,0.47263160167755436,0.4796551875880596,0.0,0.0,0.0028240415210971227,368873.88211974176,0.6786105108592629
24.0,4.0,517.9222841982323,524.0,0.3141210110559899,0.3177680188214466,0.4741645810440894,0.48225518994730493,0.0,0.0,0.0032200532030431978,415090.7468207278,0.6775680848900192
28.0,4.0,521.1861395771425,528.0,0.3154762447195314,0.319551749732922,0.4752644198709527,0.48484206559241827,0.0,0.0,0.0035678288554886863,402443.3538205256,0.676820194487752
32.0,4.0,525.1539812053637,532.0,0.31724448201172784,0.32132757054248245,0.47719411929542016,0.4874158812427494,0.0,0.0,0.003495872402528985,545424.3799696218,0.6755079988791143
36.0,4.0,528.8759598228309,536.0,0.31886279941288503,0.32309551632812766,0.4788929616147494,0.4899767032777657,0.0,0.0,0.0035612601105868965,611856.5201577782,0.6743527861019704
40.0,4.0,532.2220416299016,540.0,0.3202478215181807,0.324855622012301,0.48020298493227354,0.4925245977387794,0.0,0.0,0.0038086017696082504,795115.8118666913,0.673461970246054
44.0,4.0,535.8068107866749,544.0,0.32177147245881915,0.3266079223625794,0.4815661256819344,0.4950596303306678,0.0,0.0,0.003935177212360301,642330.512071111,0.6725350345362845
48.0,4.0,537.4934738418386,548.0,0.3221509470837553,0.32835245199236013,0.4821127677043702,0.4975818664235834,0.0,0.0,0.005040857955552395,7188426.939205309,0.6721633179610284
52.0,4.0,540.9949951977169,552.0,0.3236142512964734,0.3300892453615444,0.483738448906616,0.5000913710546563,0.0,0.0,0.005191772484780992,2646786.576312645,0.6710578547435011
56.0,4.0,544.3269443346368,556.0,0.32497085354030886,0.33181833677721817,0.48550673901423913,0.5025882089296876,0.0,0.0,0.0054207837425915935,1127253.5541495853,0.6698554174703173
60.0,4.0,547.3986183900971,560.0,0.3261690273797234,0.33353976039432987,0.486797093209186,0.5050724444248338,0.0,0.0,0.005778266465649771,2785110.003929249,0.6689779766177537
64.0,4.0,550.2403489701207,564.0,0.32721988491041204,0.33525355021636494,0.48890442877572055,0.5075441415882842,0.0,0.0,0.006186374184429492,3372195.645273937,0.66754498843251
68.0,4.0,553.1386866691547,568.0,0.32830613866197284,0.33695974009601753,0.4904200018785512,0.5100033641419275,0.0,0.0,0.0065916206751594235,3132125.687017195,0.6665143987225852
72.0,4.0,556.5240462565872,572.0,0.32967762447919763,0.33865836373585934,0.49201501645634466,0.5124501754830117,0.0,0.0,0.006741987209911836,2977655.172310709,0.6654297888096856
76.0,4.0,560.3129491649163,576.0,0.33128200206211805,0.34034945468900507,0.49443148363052203,0.5148846386857956,0.0,0.0,0.0066691237247003396,1035859.2280295644,0.663786591131245
80.0,4.0,563.7857503641777,580.0,0.3326919999321284,0.3420330463597755,0.49639654933236615,0.5173068165031905,0.0,0.0,0.006755627335118653,1143676.5424514366,0.6624503464539909
84.0,4.0,567.1619712737009,584.0,0.3340267619990045,0.34370917200435713,0.49842832884138244,0.5197167713683952,0.0,0.0,0.00684018446438161,4546311.741501745,0.6610687363878598
88.0,4.0,570.7408232579652,588.0,0.33548214534014015,0.34537786473145915,0.5008868381919319,0.5221145653965217,0.0,0.0,0.006833727466351362,1150180.7847245722,0.6593969500294862
92.0,4.0,574.1458282462147,592.0,0.3368297614499721,0.3470391575029675,0.502700083150591,0.5245002603862128,0.0,0.0,0.006916297951341243,1007029.1614606045,0.658163943457598
96.0,4.0,577.267816189714,596.0,0.33800840875801164,0.3486930831345958,0.5049520199577535,0.5268739178212525,0.0,0.0,0.007172253546795241,4648343.901601623,0.6566326264287274
100.0,4.0,581.1355052276042,600.0,0.33961051150274074,0.35033967429653384,0.5069557042054963,0.5292355988721663,0.0,0.0,0.007067941578397433,981953.5949045664,0.6552701211402624
104.0,4.0,585.8205891795324,604.0,0.3416789064902031,0.35197896351409264,0.509986736989419,0.5315853643978157,0.0,0.0,0.00655296096377936,939014.8275571471,0.6532090188471952
108.0,4.0,589.0313362586118,608.0,0.34288433076132635,0.3536109831683471,0.5116170760834858,0.5339232749469824,0.0,0.0,0.006739697233224574,4276078.148290122,0.6521003882632298
112.0,4.0,592.6882433597386,612.0,0.3443470987853839,0.35523576549677555,0.5135044178639023,0.5362493907599466,0.0,0.0,0.00671424254287456,878217.217925092,0.6508169958525463
116.0,4.0,596.8061954424161,616.0,0.3460608970886215,0.35685334259389656,0.5158105850089759,0.538563771770055,0.0,0.0,0.006552242115187408,896962.8108115145,0.6492488021938962
120.0,4.0,599.6833769842914,620.0,0.3470577839027086,0.358463746411903,0.5171584213259541,0.5408664776052833,0.0,0.0,0.006818688756468435,2646710.235993993,0.648332273498351
124.0,4.0,602.9645048246988,624.0,0.3482873473249577,0.3600670087612929,0.5186641619918064,0.5431575675897886,0.0,0.0,0.007014081926630485,2541165.241657879,0.6473083698455715
128.0,4.0,606.6102935533785,628.0,0.349729939001863,0.36166316131149817,0.5207754192834926,0.5454371007454559,0.0,0.0,0.0069520923434884365,874532.6879962096,0.6458727148872251
132.0,4.0,609.4455905202852,632.0,0.350691428231684,0.36325223559151,0.5223330107262965,0.5477051357934348,0.0,0.0,0.007286546450587009,790052.7353926199,0.6448135527061183
136.0,4.0,613.3968841919949,636.0,0.3522919607376451,0.3648342629905016,0.5246428980494289,0.54996173115567,0.0,0.0,0.00711525258355379,634291.4638406837,0.6432428293263882
140.0,4.0,617.0318388599851,640.0,0.35370417868864573,0.36640927475844837,0.5270198410069888,0.5522069449564234,0.0,0.0,0.00709620506238672,670071.1724034036,0.6416265081152476
144.0,4.0,620.445202164044,644.0,0.3549819377228758,0.3679773020067451,0.5285175083964421,0.5544408350237883,0.0,0.0,0.007148396771430635,660857.2452894906,0.6406080942904192
148.0,4.0,624.020125972113,648.0,0.35635346073402857,0.3695383757088205,0.5304586600565623,0.5566634588911961,0.0,0.0,0.007148462640853976,744524.6781073085,0.6392881111615375
152.0,4.0,627.4040686517877,652.0,0.3576194284052346,0.37109252670074905,0.5322983337933608,0.5588748737989162,0.0,0.0,0.0073388567313701835,790957.6484814212,0.6380371330205145
156.0,4.0,631.164429386838,656.0,0.3590656212499994,0.3726397856818602,0.533893578360277,0.5610751366955464,0.0,0.0,0.007265807314839576,2606354.099290267,0.6369523667150117
160.0,4.0,634.3791517548462,660.0,0.36021336742001203,0.3741801832153445,0.535669711308273,0.5632643042394977,0.0,0.0,0.007381250915050716,801696.3762982885,0.6357445963103743
164.0,4.0,637.1358327660386,664.0,0.3611158657203314,0.3757137497288578,0.5371981127802918,0.5654424328004704,0.0,0.0,0.007779451431633987,769224.1600520955,0.6347052833094015
168.0,4.0,639.3603143333851,668.0,0.3617124882822338,0.3772405155151217,0.5381328108851298,0.5676095784609234,0.0,0.0,0.008369360189513585,775458.5267948398,0.6340696885981119
172.0,4.0,643.1309968979235,672.0,0.36315406329953603,0.3787605107325225,0.540623217386032,0.5697657970175353,0.0,0.0,0.008351406181103539,805524.8642197672,0.6323762121774984
176.0,4.0,645.8305636324758,676.0,0.36401453775671466,0.3802737654057064,0.5421181061443477,0.5719111439826586,0.0,0.0,0.008751809424037627,2332110.9075088366,0.6313596878218436
180.0,4.0,648.3248743417355,680.0,0.3647614401568034,0.38178030942617297,0.5433262037507733,0.5740456745857672,0.0,0.0,0.009228400831325237,730239.3945466407,0.6305381814494742
184.0,4.0,652.3897099488763,684.0,0.366358140774499,0.38328017255286545,0.5455674268881613,0.5761694437748944,0.0,0.0,0.009119466989967611,647382.0331204368,0.6290141497160504
188.0,4.0,655.3165590756258,688.0,0.36733203534328907,0.38477338441275855,0.5472441788744867,0.5782825062180666,0.0,0.0,0.00933041924340789,697306.7551557586,0.6278739583653491
192.0,4.0,657.7169403274712,692.0,0.36801983899387725,0.3862599745014437,0.5483948557981143,0.5803849163047274,0.0,0.0,0.00988115874951117,674572.483085742,0.6270914980572821
196.0,4.0,661.1685745073831,696.0,0.3692767710381625,0.3877399721837118,0.5501840405761735,0.582476728147155,0.0,0.0,0.009907233476108038,616431.7540445309,0.625874852408202
200.0,4.0,664.696069077028,700.0,0.37053956181091613,0.389213406694133,0.5524908733990073,0.5845579955818733,0.0,0.0,0.009792524022736658,622462.5210346219,0.624306206088675
204.0,4.0,667.2776346481652,704.0,0.3713271890406274,0.3906803071376345,0.5536923411208373,0.5866287721710546,0.0,0.0,0.010287694001573845,663961.2865908693,0.6234892080378305
208.0,4.0,670.7850789050946,708.0,0.3725891600713628,0.3921407024900752,0.5557400033246697,0.5886891112039166,0.0,0.0,0.010235495940782244,632315.5783677665,0.6220967977392245
212.0,4.0,674.4739166291844,712.0,0.37393176626222274,0.3935946215988182,0.5578758229834483,0.590739065698111,0.0,0.0,0.010022097118144667,660766.0632798874,0.6206444403712553
216.0,4.0,678.2990142795005,716.0,0.37535366295447187,0.3950420931833006,0.5598205688790513,0.5927786884011057,0.0,0.0,0.009928823897307927,659453.0511625872,0.619322013162245
220.0,4.0,681.6573983588183,720.0,0.37653147035586,0.3964831458356007,0.5614113900514711,0.5948080317915598,0.0,0.0,0.01000521158449212,573048.8600565244,0.6182402547649996
224.0,4.0,685.1337811754611,724.0,0.3777628812417026,0.39791780802100296,0.5634220720869494,0.5968271480806921,0.0,0.0,0.010026046461661069,563858.8256446011,0.6168729909808742
228.0,4.0,688.1920638516104,728.0,0.37875918713619966,0.3993461080785602,0.5648823504655746,0.598836089213642,0.0,0.0,0.010198161097185266,704147.1734859003,0.6158800016834093
232.0,4.0,691.4732987393317,732.0,0.37985570883677133,0.4007680742216533,0.5663228524139986,0.6008349068708237,0.0,0.0,0.010229701271685168,2312127.003116129,0.6149004603584808
236.0,4.0,695.4464480999894,736.0,0.381305780133172,0.40218373453854855,0.5683769721003233,0.6028236524692742,0.0,0.0,0.009990511256534324,628451.4767193242,0.6135036589717799
240.0,4.0,699.5117208021491,740.0,0.38283773304974933,0.40359311699295264,0.5703738314751509,0.604802377163993,0.0,0.0,0.009778048623280754,592821.6480026578,0.6121457945968974
244.0,4.0,702.6205623936974,744.0,0.38384986480544336,0.4049962494245648,0.5718562041762774,0.606771131849277,0.0,0.0,0.009895940479718469,570982.5619308064,0.6111377811601314
248.0,4.0,706.0464012122661,748.0,0.3850311010168363,0.40639315954962685,0.57382738086641,0.6087299671600467,0.0,0.0,0.009893533751887125,705903.4879695408,0.6097973810108412
252.0,4.0,708.9526126954705,752.0,0.3859445364375911,0.40778387496147056,0.5750588483087805,0.6106789334731666,0.0,0.0,0.010106444064905646,463749.8542189314,0.6089599831500292
256.0,4.0,712.5224036090765,756.0,0.387168613189046,0.40916842313106294,0.5768439150763273,0.6126180809087597,0.0,0.0,0.009974172525424166,512558.28285377705,0.6077461377480975
260.0,4.0,714.7793035769234,760.0,0.3877326905127365,0.4105468314075486,0.5774055858200604,0.6145474593315132,0.0,0.0,0.010477828482823,543074.3555967028,0.6073642016423588
264.0,4.0,718.0491011774425,764.0,0.3888105906905524,0.41191912701879024,0.5789734963697503,0.61646711835198,0.0,0.0,0.01049366815048133,550237.6072336589,0.6062980224685697
268.0,4.0,721.3640318713566,768.0,0.3898849122908904,0.41328533707190623,0.580259717316151,0.6183771073278717,0.0,0.0,0.010193555459721648,617252.8588564342,0.6054233922250173
272.0,4.0,723.5887938808013,772.0,0.39044623840647324,0.41464548855380623,0.5810489431020971,0.6202774753653459,0.0,0.0,0.010791290217942002,674849.4035578074,0.604886718690574
276.0,4.0,727.321046770375,776.0,0.3917375983479641,0.4159996083317243,0.5829815427932772,0.6221682713202877,0.0,0.0,0.010683790866752745,584204.6633922018,0.6035725509005715
280.0,4.0,730.3022152280771,780.0,0.3926590288088892,0.41734772315374935,0.5845182762350405,0.6240495437995827,0.0,0.0,0.010828223181991345,622055.2206638528,0.6025275721601725
284.0,4.0,733.7146396110345,784.0,0.3937428603202003,0.4186898596493539,0.5861107907922389,0.625921341162385,0.0,0.0,0.010715802017851233,688386.2126045076,0.6014446622612776
288.0,4.0,736.949463645585,788.0,0.39477496332232104,0.42002604432991975,0.5876434809234736,0.6277837115213796,0.0,0.0,0.010750824173561149,570901.2035376246,0.6004024329720379
292.0,4.0,740.5151439818989,792.0,0.39595228210735145,0.4213563035892618,0.5892660424490536,0.6296367027440359,0.0,0.0,0.010588947584808075,642979.1679992282,0.5992990911346436
296.0,4.0,743.7787016523931,796.0,0.3969819984903089,0.4226806637041494,0.5908374464582784,0.631480362453857,0.0,0.0,0.010483717719217835,595694.920438064,0.5982305364083707
300.0,4.0,746.17217593911,800.0,0.3976039595809531,0.4239991508348254,0.5915874230998943,0.6333147380316217,0.0,0.0,0.010864394431936465,657860.0849996086,0.5977205522920718
304.0,4.0,749.209010113779,804.0,0.3984750706956745,0.42531179102552297,0.5929115872581905,0.6351398766166205,0.0,0.0,0.0107307406191921,615258.477968219,0.5968201206644306
308.0,4.0,750.7446173499278,808.0,0.3986360032429172,0.4266186102049799,0.5930518982373774,0.6369558251078855,0.0,0.0,0.011375248613466225,651778.5913656591,0.5967247091985836
312.0,4.0,754.2162982723399,812.0,0.3997375152649712,0.42791963418695084,0.594683027887825,0.638762630165413,0.0,0.0,0.01113608921209531,597710.6223455158,0.5956155410362793
316.0,4.0,756.2004750593471,816.0,0.4001025535215979,0.4292148886707172,0.5953401567971732,0.6405603382113816,0.0,0.0,0.01159207630131969,626459.3914928488,0.5951686933779222
320.0,4.0,759.4850731913308,820.0,0.4011248895926649,0.43050439924159495,0.596832980708158,0.6423489954313629,0.0,0.0,0.011365554614185213,651069.745191212,0.5941535731184526
324.0,4.0,762.1253190212412,824.0,0.4018135952023345,0.4317881913714397,0.5977355301591653,0.6441286477755261,0.0,0.0,0.01143868485050718,546839.8828735941,0.5935398394917675
328.0,4.0,764.8983240280814,828.0,0.40258178737538874,0.4330662904191501,0.5988624469753051,0.6458993409598379,0.0,0.0,0.011596106708765234,504383.83495978615,0.5927735360567924
332.0,4.0,766.9781582044754,832.0,0.40295174657146343,0.4343387216311687,0.6000587515251211,0.6476611204672534,0.0,0.0,0.01164751787164228,496608.9412743042,0.5919600489629175
336.0,4.0,769.9592884564955,836.0,0.40382143284984034,0.4356055101419805,0.6011585160391694,0.6494140315489046,0.0,0.0,0.011621804702748591,533936.5003711691,0.5912122090933646
340.0,4.0,772.5576954837852,840.0,0.4045177711617763,0.4368666809746096,0.6021992977206786,0.6511581192252798,0.05316593509262696,0.1875003010895924,0.011597483322177847,598096.0859084772,0.5905044775499385
344.0,4.0,775.3004709112053,844.0,0.40525776023673926,0.4381222590411135,0.6033028305496986,0.6528934282873988,0.06272782684359406,0.22122222433177485,0.011162079786050261,556364.4513561004,0.5897540752262048
348.0,4.0,778.5088593668348,848.0,0.4062530279709172,0.4393722691430751,0.6046860474117128,0.6546200032979818,0.07288440740109739,0.25704143656334283,0.01013524741543475,509839.74958936404,0.5888134877600351
352.0,4.0,781.6026128112924,852.0,0.4071555145171882,0.44061673597209255,0.6060149545511493,0.6563378885926112,0.08192848211341568,0.28893717447676515,0.009441039998986454,533483.7692669686,0.5879098309052185
356.0,4.0,785.1890214461291,856.0,0.40826092810011977,0.44185568411026716,0.6076392040685025,0.6580471282808902,0.08651281538084042,0.305104742421157,0.008969441023455114,513823.28448610776,0.5868053412334183
360.0,4.0,787.8102765828767,860.0,0.40890789503713304,0.4430891380306889,0.6087014857480936,0.6597477662475919,0.09236447509273278,0.32574179048477336,0.008056070472237456,562005.1787171089,0.5860829896912961
364.0,4.0,790.607939309706,864.0,0.4096410632477029,0.4443171220979197,0.6094839230300662,0.6614398461538059,0.09846757419746753,0.3472655898447151,0.008043217674985153,579663.3262346524,0.5855509323395549
368.0,4.0,793.7692559258802,868.0,0.4105686846444928,0.4455396605684749,0.6104386133549894,0.6631234114380771,0.10133037364737242,0.3573618245461476,0.008167653393693162,571199.809329916,0.5849017429186071
372.0,4.0,796.6853933774297,872.0,0.41140376211757984,0.44675677759130233,0.6116736634700024,0.664798505317539,0.10712107931662017,0.3777839059900934,0.0077057498590507294,526816.2518443863,0.5840619088403983
376.0,4.0,799.3454756843432,876.0,0.41207650792988515,0.4479684972082593,0.612638761958829,0.6664651707890423,0.11067803003525985,0.3903282039422284,0.007691416767864849,448963.2905558448,0.5834056418679961
380.0,4.0,801.6226213889573,880.0,0.4126226399619481,0.44917484335458757,0.6135828941153083,0.6681234506302768,0.11601491606662649,0.40914979968805126,0.007571089310074548,451368.5950895611,0.5827636320015901
384.0,4.0,804.5145555203814,884.0,0.41341316763805347,0.45037583985938595,0.6147740805323182,0.6697733874008868,0.11997787669820412,0.4231259727833319,0.007361851209911804,466449.64786414243,0.5819536252380237
388.0,4.0,806.6052405250779,888.0,0.4138595629822656,0.4515715104460813,0.6153700362545279,0.6714150234435836,0.12402815299431873,0.43741008202911946,0.007128628365526851,438712.6342791666,0.5815483753469213
392.0,4.0,808.1780054405544,892.0,0.4140788813562707,0.4527618787328969,0.6158524014899109,0.6730484008852494,0.1302327517007019,0.45929184002999157,0.00685732866957444,456510.3624970447,0.5812203669868605
396.0,4.0,810.2648888118653,896.0,0.4145361687484169,0.45394696823331915,0.6164075133035588,0.6746735616380373,0.1346088670524496,0.47472508585978734,0.006697512471015912,446595.95347398357,0.5808428909535799
400.0,4.0,813.1493497259802,900.0,0.41532751620312447,0.45512680235656183,0.6175638582975662,0.6762905474004649,0.13759256568087463,0.48524769568910053,0.00629017763096743,411374.0587452939,0.580056576357655
404.0,4.0,814.186825896014,904.0,0.41525281741468556,0.45630140440802874,0.6178217078705865,0.6778993996585032,0.1386452926775502,0.4889603479446833,0.005950742669916649,412578.2127985958,0.579881238648001
408.0,4.0,817.0267200600939,908.0,0.4160257455807267,0.4574707975897739,0.6189893498400189,0.6795001596866593,0.13876934071127733,0.4893978281400921,0.005779988827998692,470607.0910826721,0.5790872421087873
412.0,4.0,820.1317838381281,912.0,0.4169214840490762,0.4586350050009599,0.6202585348678613,0.6810928685490535,0.14148513415892955,0.49897561677946745,0.005596488510508196,477240.79026876553,0.5782241962898543
416.0,4.0,820.8098466734771,916.0,0.4167050811523385,0.45979404963831416,0.6197864191235807,0.6826775671004914,0.14326897266687255,0.5052666799715622,0.005759871506137947,496472.3831810894,0.5785452349959652
420.0,4.0,823.3421060759616,920.0,0.4173056859776425,0.4609479543965833,0.6204871438254579,0.6842542959875308,0.1484662255375128,0.5235958314552334,0.005886849619983312,502287.1452684897,0.5780687421986885
424.0,4.0,825.3761022246887,924.0,0.4177052243074211,0.46209674206898527,0.6211852036806949,0.6858230956495422,0.1544688228958581,0.5447651913103453,0.006072922696702826,499207.06555548904,0.5775940614971274
428.0,4.0,827.6915428715603,928.0,0.41822740154692783,0.4632404353476596,0.6219370629145589,0.6873840063197646,0.1599416722052529,0.5640662887431599,0.0062210176667577295,444152.4369679522,0.5770827972181
432.0,4.0,828.933345157614,932.0,0.4181908872789939,0.46437905682411557,0.6218159737821143,0.6889370680263561,0.16181278989049294,0.570665159406214,0.006563943940449017,450428.56394558656,0.5771651378281623
436.0,4.0,829.9639365697559,936.0,0.4181572275910357,0.46551262898967866,0.6217114185489747,0.6904823205934385,0.1640695413274915,0.5786240446056258,0.006944314071821134,465725.21077203494,0.5772362353866972
440.0,4.0,832.6771566548448,940.0,0.41886004376106445,0.4666411742359347,0.6226508772177506,0.6920198036421374,0.16597973333332539,0.5853607186735,0.0069129473778266805,518832.5031297046,0.5765974034919294
444.0,4.0,834.6314363706947,944.0,0.41918313019099146,0.4677647148551722,0.6229515259775008,0.693549556591617,0.16666339137173483,0.5877717754492486,0.007303017853037034,532722.4105304016,0.5763929623352994
448.0,4.0,835.8957334233803,948.0,0.4191193646706522,0.46888327304082256,0.6224612996876141,0.6950716186601078,0.16811538810284185,0.5928925322607173,0.008021478515478544,511073.9904879795,0.5767263162124222
452.0,4.0,839.2294194487716,952.0,0.4201347817342531,0.4699968708878987,0.6238651120139614,0.6965860288659321,0.1691589625287046,0.5965729061451936,0.007731090515556462,476702.2910719884,0.5757717238305061
456.0,4.0,842.9208570564715,956.0,0.4213164036796088,0.47110553039343134,0.625573235906161,0.698092826028522,0.17244494546144648,0.6081615820180236,0.007630059194430362,390319.4122209579,0.5746101995838107
460.0,4.0,843.9060936641177,960.0,0.42115404819706387,0.4722092734569035,0.6251544331916004,0.6995920487694333,0.17281964560645932,0.6094830370039241,0.008417778051802192,391581.0048831103,0.5748949854297117
464.0,4.0,847.4788625888599,964.0,0.4222663283463686,0.4733081218806833,0.6265323965252897,0.7010837355133538,0.17289439768059098,0.6097466651406689,0.008354584677920681,411237.5634392471,0.573957970362803
468.0,4.0,850.7124275414578,968.0,0.42319368530555784,0.4744020973704542,0.6274748983765962,0.7025679244891064,0.17382291156212606,0.6130212550082293,0.008415327866176625,447395.71471206937,0.5733170691039146
472.0,4.0,853.9616361456829,972.0,0.424140254671319,0.47549122153564427,0.628982868263104,0.7040446537306483,0.17466683646012982,0.6159975249110725,0.008394859924157932,385548.5127113855,0.5722916495810891
476.0,4.0,859.0721972091001,976.0,0.4259354876567862,0.47657551588985264,0.6315325290144784,0.7055139610780624,0.17639202938134796,0.6220817627148932,0.00789420607458829,378459.35383445234,0.5705578802701546
480.0,4.0,862.7199827968502,980.0,0.4270292785050444,0.47765500185127463,0.6329200527182114,0.7069758841785473,0.1782603088634814,0.6286706238871688,0.007895193752783167,406022.0500929984,0.5696143641516164
484.0,4.0,865.3328384487022,984.0,0.4276702642901376,0.4787297007431249,0.6336752903455611,0.7084304604873994,0.17958516955925016,0.6333430100480747,0.008119511527738224,437052.2130353488,0.5691008025650185
488.0,4.0,868.7325729237335,988.0,0.42866128161983563,0.4797996337940584,0.634708838632675,0.7098777272689915,0.18129326767526774,0.6393669596031023,0.008196533546338876,463584.3505366305,0.568397989729781
492.0,4.0,871.9743651415582,992.0,0.42952303345045806,0.48086482213858994,0.6358143511776646,0.711317721597745,0.18325464217214657,0.6462841389600252,0.008209763565225556,427309.7819159457,0.567646241199188
496.0,4.0,872.311579605079,996.0,0.4290785990213757,0.4819252868175116,0.6352945216293311,0.7127504803590995,0.18373203588580833,0.6479677633502277,0.009106624605928142,502767.0249534737,0.5679997252920549
500.0,4.0,873.9559611707917,1000.0,0.42923419897242593,0.4829810487783084,0.6353958373262013,0.7141760402504753,0.18405248146323425,0.6490978787548661,0.00966901122810817,466840.7017884697,0.5679308306181831
